<?xml version="1.0" encoding="UTF-8"?>
<addon id="plugin.video.ysdqg"
version="1.0.1"
name="影视大全(改)"
provider-name="ysdqg">
<requires>
  <import addon="xbmc.python" version="3.0.0"/>
  <import addon="script.module.requests" version="2.22.0"/>
  <import addon="script.module.beautifulsoup4" version="4.9.3"/>
  <import addon="script.module.qrcode" version="5.3"/>
</requires>
<extension point="xbmc.python.pluginsource" library="main.py">
  <provides>video</provides>
</extension>
<extension point="xbmc.service" library="service.py" />
<extension point="xbmc.addon.metadata">
  <summary lang="en"></summary>
  <description lang="en_GB"></description>
  <disclaimer lang="en_GB"></disclaimer>
  <assets>
    <icon>resources/images/icon.png</icon>
    <fanart>resources/images/fanart.jpg</fanart>
  </assets>
  <news></news>
</extension>
</addon>
